SURVEYID,DEVICEID,TIMESTAMP,DATE,TIME,TEMP,RH,FLTP,WLEV,BVOLT,BLEV
gb-sasbjep,gb-sasbjep-zero,1703544698,12/25/2023,22:51,255,255,0,1431,3.45,81.92
gb-sasbjep,gb-sasbjep-zero,1703545298,12/25/2023,23:01,21.63,255,0,1431,3.44,81.82
gb-sasbjep,gb-sasbjep-zero,1703545898,12/25/2023,23:11,21.61,255,0,1431,3.44,81.92
gb-sasbjep,gb-sasbjep-zero,1703546498,12/25/2023,23:21,21.58,255,0,1432,3.44,81.82
gb-sasbjep,gb-sasbjep-zero,1703547097,12/25/2023,23:31,255,255,0,1433,3.44,81.72
gb-sasbjep,gb-sasbjep-zero,1703547698,12/25/2023,23:41,21.55,255,0,1433,3.44,81.72
gb-sasbjep,gb-sasbjep-zero,1703548297,12/25/2023,23:51,255,60.66,0,1433,3.43,81.72
gb-sasbjep,gb-sasbjep-zero,1703548898,12/26/2023,0:01,255,60.83,0,1434,3.43,81.62
gb-sasbjep,gb-sasbjep-zero,1703549497,12/26/2023,0:11,255,255,0,1434,3.43,81.52
gb-sasbjep,gb-sasbjep-zero,1703550098,12/26/2023,0:21,21.5,255,0,1433,3.43,81.52
gb-sasbjep,gb-sasbjep-zero,1703550697,12/26/2023,0:31,21.47,255,0,1434,3.43,81.43
gb-sasbjep,gb-sasbjep-zero,1703551298,12/26/2023,0:41,21.48,255,0,1434,3.42,81.43
gb-sasbjep,gb-sasbjep-zero,1703551897,12/26/2023,0:51,21.45,255,0,1434,3.43,81.33
gb-sasbjep,gb-sasbjep-zero,1703552498,12/26/2023,1:01,21.47,255,0,1436,3.42,81.33
gb-sasbjep,gb-sasbjep-zero,1703553097,12/26/2023,1:11,255,61.16,0,1435,3.42,81.23
gb-sasbjep,gb-sasbjep-zero,1703553698,12/26/2023,1:21,255,61.26,0,1436,3.42,81.23
gb-sasbjep,gb-sasbjep-zero,1703554297,12/26/2023,1:31,21.41,255,0,1436,3.41,81.13
gb-sasbjep,gb-sasbjep-zero,1703554898,12/26/2023,1:41,255,255,0,1437,3.41,81.13
gb-sasbjep,gb-sasbjep-zero,1703555497,12/26/2023,1:51,255,255,0,1437,3.41,81.13
gb-sasbjep,gb-sasbjep-zero,1703556098,12/26/2023,2:01,21.37,255,0,1436,3.41,80.94
gb-sasbjep,gb-sasbjep-zero,1703556697,12/26/2023,2:11,255,255,0,1437,3.4,80.94
gb-sasbjep,gb-sasbjep-zero,1703557298,12/26/2023,2:21,21.32,255,0,1437,3.41,80.84
gb-sasbjep,gb-sasbjep-zero,1703557897,12/26/2023,2:31,21.29,255,0,1437,3.4,80.84
gb-sasbjep,gb-sasbjep-zero,1703558498,12/26/2023,2:41,21.31,255,0,1437,3.4,80.84
gb-sasbjep,gb-sasbjep-zero,1703559098,12/26/2023,2:51,21.28,255,0,1437,3.39,80.74
gb-sasbjep,gb-sasbjep-zero,1703559698,12/26/2023,3:01,255,61.78,0,1436,3.39,80.65
gb-sasbjep,gb-sasbjep-zero,1703560298,12/26/2023,3:11,21.3,255,0,1437,3.39,80.65
gb-sasbjep,gb-sasbjep-zero,1703560898,12/26/2023,3:21,255,61.87,0,1438,3.39,80.55
gb-sasbjep,gb-sasbjep-zero,1703561498,12/26/2023,3:31,21.12,255,0,1439,3.38,80.45
gb-sasbjep,gb-sasbjep-zero,1703562098,12/26/2023,3:41,255,61.95,0,1439,3.38,80.35
gb-sasbjep,gb-sasbjep-zero,1703562697,12/26/2023,3:51,20.99,255,0,1438,3.38,80.35
gb-sasbjep,gb-sasbjep-zero,1703563298,12/26/2023,4:01,20.94,255,0,1439,3.37,80.25
gb-sasbjep,gb-sasbjep-zero,1703563897,12/26/2023,4:11,255,255,0,1440,3.37,80.25
gb-sasbjep,gb-sasbjep-zero,1703564497,12/26/2023,4:21,255,255,0,1440,3.37,79.96
gb-sasbjep,gb-sasbjep-zero,1703565098,12/26/2023,4:31,20.83,255,0,1440,3.36,79.96
gb-sasbjep,gb-sasbjep-zero,1703565697,12/26/2023,4:41,20.85,255,0,1440,3.36,79.86
gb-sasbjep,gb-sasbjep-zero,1703566298,12/26/2023,4:51,20.83,255,0,1439,3.36,79.67
gb-sasbjep,gb-sasbjep-zero,1703566897,12/26/2023,5:01,20.66,255,0,1441,3.36,79.57
gb-sasbjep,gb-sasbjep-zero,1703567498,12/26/2023,5:11,20.62,255,0,1439,3.34,79.57
gb-sasbjep,gb-sasbjep-zero,1703568097,12/26/2023,5:21,255,255,0,1439,3.34,79.47
gb-sasbjep,gb-sasbjep-zero,1703568698,12/26/2023,5:31,255,255,0,1440,3.33,79.28
gb-sasbjep,gb-sasbjep-zero,1703569297,12/26/2023,5:41,20.51,255,0,1440,3.33,79.08
gb-sasbjep,gb-sasbjep-zero,1703569898,12/26/2023,5:51,255,255,0,1440,3.32,78.98
gb-sasbjep,gb-sasbjep-zero,1703570497,12/26/2023,6:01,255,255,0,1440,3.32,78.79
gb-sasbjep,gb-sasbjep-zero,1703571098,12/26/2023,6:11,20.44,255,0,1440,3.31,78.49
gb-sasbjep,gb-sasbjep-zero,1703571697,12/26/2023,6:21,20.43,255,0,1440,3.31,78.59
gb-sasbjep,gb-sasbjep-zero,1703572298,12/26/2023,6:31,20.44,255,0,1440,3.31,78.59
gb-sasbjep,gb-sasbjep-zero,1703572897,12/26/2023,6:41,20.4,255,0,1441,3.31,78.59
gb-sasbjep,gb-sasbjep-zero,1703573497,12/26/2023,6:51,20.37,255,0,1440,3.31,78.49
gb-sasbjep,gb-sasbjep-zero,1703574097,12/26/2023,7:01,20.37,255,0,1440,3.31,78.59
gb-sasbjep,gb-sasbjep-zero,1703574698,12/26/2023,7:11,255,63.34,0,1440,3.31,78.59
gb-sasbjep,gb-sasbjep-zero,1703575297,12/26/2023,7:21,255,255,0,1440,3.31,78.59
gb-sasbjep,gb-sasbjep-zero,1703575897,12/26/2023,7:31,255,255,0,1440,3.31,78.59
gb-sasbjep,gb-sasbjep-zero,1703576497,12/26/2023,7:41,255,63.54,0,1440,3.31,78.59
gb-sasbjep,gb-sasbjep-zero,1703577098,12/26/2023,7:51,255,255,0,1440,3.31,78.59
gb-sasbjep,gb-sasbjep-zero,1703577697,12/26/2023,8:01,20.29,255,0,1440,3.31,78.69
gb-sasbjep,gb-sasbjep-zero,1703578297,12/26/2023,8:11,255,255,0,1440,3.3,78.59
gb-sasbjep,gb-sasbjep-zero,1703578897,12/26/2023,8:21,255,255,0,1440,3.31,78.59
gb-sasbjep,gb-sasbjep-zero,1703579498,12/26/2023,8:31,255,255,0,1440,3.31,78.59
gb-sasbjep,gb-sasbjep-zero,1703580097,12/26/2023,8:41,20.24,255,0,1440,3.31,78.59
gb-sasbjep,gb-sasbjep-zero,1703580698,12/26/2023,8:51,20.2,255,0,1440,3.31,78.59
gb-sasbjep,gb-sasbjep-zero,1703581297,12/26/2023,9:01,20.23,255,0,1441,3.31,78.59
gb-sasbjep,gb-sasbjep-zero,1703581898,12/26/2023,9:11,255,255,0,1441,3.3,78.59
gb-sasbjep,gb-sasbjep-zero,1703582497,12/26/2023,9:21,20.18,255,0,1440,3.31,78.59
gb-sasbjep,gb-sasbjep-zero,1703583098,12/26/2023,9:31,20.19,255,0,1441,3.31,78.59
gb-sasbjep,gb-sasbjep-zero,1703583697,12/26/2023,9:41,20.2,255,0,1440,3.31,78.59
gb-sasbjep,gb-sasbjep-zero,1703584298,12/26/2023,9:51,20.26,255,0,1440,3.31,78.69
gb-sasbjep,gb-sasbjep-zero,1703584897,12/26/2023,10:01,20.2,255,0,1441,3.31,78.59
gb-sasbjep,gb-sasbjep-zero,1703585498,12/26/2023,10:11,255,255,0,1440,3.3,78.59
gb-sasbjep,gb-sasbjep-zero,1703586097,12/26/2023,10:21,255,64.63,0,1440,3.31,78.69
gb-sasbjep,gb-sasbjep-zero,1703586698,12/26/2023,10:31,255,64.74,0,1440,3.31,78.59
gb-sasbjep,gb-sasbjep-zero,1703616286,12/26/2023,18:44,255,255,3,1451,3.31,78.59
gb-sasbjep,gb-sasbjep-zero,1703616985,12/26/2023,18:56,255,69.77,4,1449,3.31,78.59
gb-sasbjep,gb-sasbjep-zero,1703617697,12/26/2023,19:08,22.9,70.52,5,1447,3.31,78.59
gb-sasbjep,gb-sasbjep-zero,1703618400,12/26/2023,19:20,22.98,255,6,1444,3.31,78.59
gb-sasbjep,gb-sasbjep-zero,1703619107,12/26/2023,19:31,255,255,7,1446,3.31,79.18
gb-sasbjep,gb-sasbjep-zero,1703619812,12/26/2023,19:43,-50,255,8,1446,3.31,78.59
gb-sasbjep,gb-sasbjep-zero,1703620516,12/26/2023,19:55,255,255,9,1446,3.31,78.59
gb-sasbjep,gb-sasbjep-zero,1703621219,12/26/2023,20:07,22.87,255,10,1447,3.31,78.59
gb-sasbjep,gb-sasbjep-zero,1703621922,12/26/2023,20:18,255,255,11,1447,3.31,78.59
gb-sasbjep,gb-sasbjep-zero,1703622634,12/26/2023,20:30,255,255,12,1447,3.3,78.69
gb-sasbjep,gb-sasbjep-zero,1703623342,12/26/2023,20:42,255,70.08,13,1447,3.31,78.59
gb-sasbjep,gb-sasbjep-zero,1703624053,12/26/2023,20:54,-50,255,14,1447,3.3,78.59
gb-sasbjep,gb-sasbjep-zero,1703624763,12/26/2023,21:06,255,255,15,1447,3.31,78.59
gb-sasbjep,gb-sasbjep-zero,1703625466,12/26/2023,21:17,22.53,0,16,1448,3.31,78.59
gb-sasbjep,gb-sasbjep-zero,1703626169,12/26/2023,21:29,255,69.86,17,1448,3.31,78.59
gb-sasbjep,gb-sasbjep-zero,1703627016,12/26/2023,21:43,255,255,19,1449,3.31,78.69
gb-sasbjep,gb-sasbjep-zero,1703627727,12/26/2023,21:55,255,255,20,1449,3.31,78.59
gb-sasbjep,gb-sasbjep-zero,1703806721,12/28/2023,23:38,255,255,0,1472,4.12,97.95
gb-sasbjep,gb-sasbjep-zero,1703807407,12/28/2023,23:50,20.82,255,0,1461,4.12,97.85
gb-sasbjep,gb-sasbjep-zero,1703808063,12/29/2023,0:01,255,0,0,1465,4.11,97.65
gb-sasbjep,gb-sasbjep-zero,1703808683,12/29/2023,0:11,255,255,0,1458,4.11,97.65
gb-sasbjep,gb-sasbjep-zero,1703809337,12/29/2023,0:22,-50,255,0,1457,4.1,97.56
gb-sasbjep,gb-sasbjep-zero,1703809985,12/29/2023,0:33,255,255,0,1454,4.1,97.56
gb-sasbjep,gb-sasbjep-zero,1703810618,12/29/2023,0:43,255,255,0,1459,4.06,96.58
gb-sasbjep,gb-sasbjep-zero,1703811263,12/29/2023,0:54,255,255,0,1459,4.1,97.46
gb-sasbjep,gb-sasbjep-zero,1703811918,12/29/2023,1:05,255,255,0,1460,4.1,97.36
gb-sasbjep,gb-sasbjep-zero,1703812539,12/29/2023,1:15,255,255,0,1456,4.09,97.26
gb-sasbjep,gb-sasbjep-zero,1703813188,12/29/2023,1:26,255,255,0,1461,4.09,97.26
gb-sasbjep,gb-sasbjep-zero,1703813845,12/29/2023,1:37,255,255,0,1457,4.09,97.17
gb-sasbjep,gb-sasbjep-zero,1703814480,12/29/2023,1:48,255,255,0,1462,4.09,97.17
gb-sasbjep,gb-sasbjep-zero,1703815136,12/29/2023,1:58,255,255,0,1461,4.08,97.17
gb-sasbjep,gb-sasbjep-zero,1703815795,12/29/2023,2:09,255,255,0,1462,4.08,97.07
gb-sasbjep,gb-sasbjep-zero,1703816417,12/29/2023,2:20,255,255,0,1459,4.09,97.07
gb-sasbjep,gb-sasbjep-zero,1703817069,12/29/2023,2:31,255,255,0,1463,4.08,97.07
gb-sasbjep,gb-sasbjep-zero,1703817726,12/29/2023,2:42,255,255,0,1464,4.08,97.07
gb-sasbjep,gb-sasbjep-zero,1703818359,12/29/2023,2:52,255,255,0,1462,4.05,96.09
gb-sasbjep,gb-sasbjep-zero,1703819015,12/29/2023,3:03,255,255,0,1462,4.08,96.97
gb-sasbjep,gb-sasbjep-zero,1703819673,12/29/2023,3:14,255,255,0,1463,4.08,96.97
gb-sasbjep,gb-sasbjep-zero,1703820295,12/29/2023,3:24,255,255,0,1463,4.08,96.87
gb-sasbjep,gb-sasbjep-zero,1703820944,12/29/2023,3:35,255,255,0,1460,4.08,96.87
gb-sasbjep,gb-sasbjep-zero,1703821557,12/29/2023,3:45,255,255,0,1459,4.08,96.87
gb-sasbjep,gb-sasbjep-zero,1703822180,12/29/2023,3:56,255,255,0,1458,4.08,96.87
gb-sasbjep,gb-sasbjep-zero,1703822835,12/29/2023,4:07,-50,255,0,1462,4.07,96.77
gb-sasbjep,gb-sasbjep-zero,1703823494,12/29/2023,4:18,12.9,255,0,1463,4.07,96.77
gb-sasbjep,gb-sasbjep-zero,1703824120,12/29/2023,4:28,255,255,0,1464,4.07,96.77
gb-sasbjep,gb-sasbjep-zero,1703824770,12/29/2023,4:39,255,255,0,1463,4.07,96.68
gb-sasbjep,gb-sasbjep-zero,1703825389,12/29/2023,4:49,255,255,0,1464,4.03,95.6
gb-sasbjep,gb-sasbjep-zero,1703826006,12/29/2023,5:00,255,255,0,1463,4.07,96.68
gb-sasbjep,gb-sasbjep-zero,1703826660,12/29/2023,5:11,255,255,0,1463,4.07,96.68
gb-sasbjep,gb-sasbjep-zero,1703827315,12/29/2023,5:21,255,255,0,1465,4.07,96.68
gb-sasbjep,gb-sasbjep-zero,1703827937,12/29/2023,5:32,255,255,0,1464,4.06,96.58
gb-sasbjep,gb-sasbjep-zero,1703828074,12/29/2023,5:34,-50,255,0,1463,4.06,96.48
gb-sasbjep,gb-sasbjep-zero,1703828762,12/29/2023,5:46,12.57,255,0,1459,4.06,96.48
gb-sasbjep,gb-sasbjep-zero,1703829418,12/29/2023,5:56,255,51.99,0,1463,4.06,96.48
gb-sasbjep,gb-sasbjep-zero,1703830038,12/29/2023,6:07,12.45,255,0,1463,4.06,96.48
gb-sasbjep,gb-sasbjep-zero,1703830689,12/29/2023,6:18,12.42,255,0,1463,4.06,96.48
gb-sasbjep,gb-sasbjep-zero,1703831342,12/29/2023,6:29,12.31,255,0,1460,4.06,96.48
gb-sasbjep,gb-sasbjep-zero,1703831977,12/29/2023,6:39,255,255,0,1462,4.06,96.58
gb-sasbjep,gb-sasbjep-zero,1703832626,12/29/2023,6:50,255,255,0,1463,4.02,95.5
gb-sasbjep,gb-sasbjep-zero,1703833283,12/29/2023,7:01,255,255,0,1463,4.06,96.38
gb-sasbjep,gb-sasbjep-zero,1703833907,12/29/2023,7:11,255,255,0,1460,4.06,96.38
gb-sasbjep,gb-sasbjep-zero,1703834561,12/29/2023,7:22,12.16,255,0,1463,4.06,96.38
gb-sasbjep,gb-sasbjep-zero,1703835213,12/29/2023,7:33,12.19,255,0,1459,4.05,96.29
gb-sasbjep,gb-sasbjep-zero,1703835840,12/29/2023,7:44,12.11,255,0,1463,4.01,95.31
gb-sasbjep,gb-sasbjep-zero,1703836492,12/29/2023,7:54,255,255,0,1458,4.06,96.29
gb-sasbjep,gb-sasbjep-zero,1703837142,12/29/2023,8:05,255,255,0,1464,4.05,96.29
gb-sasbjep,gb-sasbjep-zero,1703837765,12/29/2023,8:16,12.04,255,0,1465,4.05,96.29
gb-sasbjep,gb-sasbjep-zero,1703838413,12/29/2023,8:26,11.95,255,0,1460,4.05,96.29
gb-sasbjep,gb-sasbjep-zero,1703839073,12/29/2023,8:37,11.76,255,0,1464,4.05,96.19
gb-sasbjep,gb-sasbjep-zero,1703839706,12/29/2023,8:48,255,255,0,1461,4.05,96.19
gb-sasbjep,gb-sasbjep-zero,1703840356,12/29/2023,8:59,255,255,0,1460,4.05,96.19
gb-sasbjep,gb-sasbjep-zero,1703841016,12/29/2023,9:10,10.87,255,0,1463,4.05,96.19
gb-sasbjep,gb-sasbjep-zero,1703841645,12/29/2023,9:20,255,255,0,1457,4.05,96.09
gb-sasbjep,gb-sasbjep-zero,1703842299,12/29/2023,9:31,255,255,0,1458,4.05,96.09
gb-sasbjep,gb-sasbjep-zero,1703842921,12/29/2023,9:42,255,255,0,1462,4.04,96.09
gb-sasbjep,gb-sasbjep-zero,1703843547,12/29/2023,9:52,10.14,255,0,1457,4.04,96.09
gb-sasbjep,gb-sasbjep-zero,1703844209,12/29/2023,10:03,255,255,0,1462,4.04,96.09
gb-sasbjep,gb-sasbjep-zero,1703844866,12/29/2023,10:14,9.76,255,0,1462,4.04,96.09
gb-sasbjep,gb-sasbjep-zero,1703845491,12/29/2023,10:24,255,255,0,1458,4.04,96.09
gb-sasbjep,gb-sasbjep-zero,1703846149,12/29/2023,10:35,255,255,0,1463,4.04,96.09
gb-sasbjep,gb-sasbjep-zero,1703846766,12/29/2023,10:46,255,255,0,1459,4.04,95.99
gb-sasbjep,gb-sasbjep-zero,1703847390,12/29/2023,10:56,255,255,0,1462,4.04,96.09
gb-sasbjep,gb-sasbjep-zero,1703848043,12/29/2023,11:07,255,255,0,1459,4.04,95.99
gb-sasbjep,gb-sasbjep-zero,1703848698,12/29/2023,11:18,255,255,0,1459,4.04,95.99
gb-sasbjep,gb-sasbjep-zero,1703849326,12/29/2023,11:28,255,255,0,1460,4.03,95.99
gb-sasbjep,gb-sasbjep-zero,1703849978,12/29/2023,11:39,8.64,255,0,1460,4.03,95.99
gb-sasbjep,gb-sasbjep-zero,1703850594,12/29/2023,11:49,255,255,0,1462,4.03,95.89
gb-sasbjep,gb-sasbjep-zero,1703851213,12/29/2023,12:00,255,255,0,1460,4.03,95.89
gb-sasbjep,gb-sasbjep-zero,1703851869,12/29/2023,12:11,255,255,0,1461,4.03,95.99
gb-sasbjep,gb-sasbjep-zero,1703852530,12/29/2023,12:22,255,255,0,1460,4.03,95.8
gb-sasbjep,gb-sasbjep-zero,1703853154,12/29/2023,12:32,255,255,0,1460,4.03,95.8
gb-sasbjep,gb-sasbjep-zero,1703853803,12/29/2023,12:43,255,255,0,1461,4.03,95.89
gb-sasbjep,gb-sasbjep-zero,1703854476,12/29/2023,12:54,255,255,0,1462,4.04,95.8
gb-sasbjep,gb-sasbjep-zero,1703855106,12/29/2023,13:05,-50,255,0,1461,4.03,95.8
gb-sasbjep,gb-sasbjep-zero,1703855758,12/29/2023,13:15,255,255,0,1460,4.03,95.89
gb-sasbjep,gb-sasbjep-zero,1703856421,12/29/2023,13:27,255,255,0,1460,4.03,95.8
gb-sasbjep,gb-sasbjep-zero,1703857049,12/29/2023,13:37,255,255,0,1459,4.03,95.8
gb-sasbjep,gb-sasbjep-zero,1703857654,12/29/2023,13:47,7.66,255,0,1460,4.03,95.8
gb-sasbjep,gb-sasbjep-zero,1703858308,12/29/2023,13:58,255,255,0,1460,4.03,95.7
gb-sasbjep,gb-sasbjep-zero,1703858928,12/29/2023,14:08,255,255,0,1460,4.03,95.7
gb-sasbjep,gb-sasbjep-zero,1703859726,12/29/2023,14:22,255,255,0,1459,4.03,95.7
gb-sasbjep,gb-sasbjep-zero,1703860417,12/29/2023,14:33,7.82,255,0,1459,4.03,95.7
gb-sasbjep,gb-sasbjep-zero,1703861075,12/29/2023,14:44,7.79,255,0,1459,4.03,95.7
gb-sasbjep,gb-sasbjep-zero,1703861700,12/29/2023,14:55,255,255,0,1462,4.03,95.7
gb-sasbjep,gb-sasbjep-zero,1703862356,12/29/2023,15:05,255,255,0,1458,4.03,95.7
gb-sasbjep,gb-sasbjep-zero,1703863013,12/29/2023,15:16,255,255,0,1457,4.03,95.6
gb-sasbjep,gb-sasbjep-zero,1703863647,12/29/2023,15:27,255,255,0,1456,4.03,95.7
gb-sasbjep,gb-sasbjep-zero,1703864298,12/29/2023,15:38,255,255,0,1458,4.03,95.6
gb-sasbjep,gb-sasbjep-zero,1703864953,12/29/2023,15:49,255,255,0,1456,4.02,95.6
gb-sasbjep,gb-sasbjep-zero,1703865576,12/29/2023,15:59,255,255,0,1460,4.03,95.8
gb-sasbjep,gb-sasbjep-zero,1703866232,12/29/2023,16:10,-50,255,0,1455,4.03,95.6
gb-sasbjep,gb-sasbjep-zero,1703866890,12/29/2023,16:21,255,255,0,1456,4.03,95.6
gb-sasbjep,gb-sasbjep-zero,1703867524,12/29/2023,16:32,255,255,0,1458,4.03,95.7
gb-sasbjep,gb-sasbjep-zero,1703868172,12/29/2023,16:42,255,255,0,1455,4.03,95.6
gb-sasbjep,gb-sasbjep-zero,1703868829,12/29/2023,16:53,255,255,0,1461,4.02,95.6
gb-sasbjep,gb-sasbjep-zero,1703869447,12/29/2023,17:04,255,255,0,1455,4.03,95.6
gb-sasbjep,gb-sasbjep-zero,1703870102,12/29/2023,17:15,255,255,0,1457,4.03,95.5
gb-sasbjep,gb-sasbjep-zero,1703870765,12/29/2023,17:26,255,255,0,1456,4.02,95.6
gb-sasbjep,gb-sasbjep-zero,1703872059,12/29/2023,17:47,255,255,0,1455,4.03,95.6
gb-sasbjep,gb-sasbjep-zero,1703872714,12/29/2023,17:58,11.34,255,0,1462,4.02,95.5
gb-sasbjep,gb-sasbjep-zero,1703873340,12/29/2023,18:09,11.63,255,0,1457,4.02,95.6
gb-sasbjep,gb-sasbjep-zero,1703873995,12/29/2023,18:19,255,255,0,1460,4.02,95.6
gb-sasbjep,gb-sasbjep-zero,1703874615,12/29/2023,18:30,255,255,0,1456,4.02,95.6
gb-sasbjep,gb-sasbjep-zero,1703875237,12/29/2023,18:40,255,255,0,1457,4.02,95.6
gb-sasbjep,gb-sasbjep-zero,1703875891,12/29/2023,18:51,12.29,255,0,1457,4.02,95.6
gb-sasbjep,gb-sasbjep-zero,1703876549,12/29/2023,19:02,255,255,0,1456,4.02,95.6
gb-sasbjep,gb-sasbjep-zero,1703877174,12/29/2023,19:12,255,255,0,1456,3.98,94.62
gb-sasbjep,gb-sasbjep-zero,1703877827,12/29/2023,19:23,255,51.07,0,1460,4.02,95.6
gb-sasbjep,gb-sasbjep-zero,1703878582,12/29/2023,19:36,12.7,255,0,1454,4.02,95.5
gb-sasbjep,gb-sasbjep-zero,1703879268,12/29/2023,19:47,255,255,0,1456,4.02,95.5
gb-sasbjep,gb-sasbjep-zero,1703879925,12/29/2023,19:58,255,255,0,1456,4.02,95.5
gb-sasbjep,gb-sasbjep-zero,1703880546,12/29/2023,20:09,12.8,255,0,1459,4.02,95.5
gb-sasbjep,gb-sasbjep-zero,1703881203,12/29/2023,20:20,-50,255,0,1454,4.02,95.41
gb-sasbjep,gb-sasbjep-zero,1703881858,12/29/2023,20:30,255,255,0,1455,4.02,95.5
gb-sasbjep,gb-sasbjep-zero,1703883149,12/29/2023,20:52,255,49.03,0,1462,4.02,95.5
gb-sasbjep,gb-sasbjep-zero,1703884432,12/29/2023,21:13,255,255,0,1456,4.02,95.41
gb-sasbjep,gb-sasbjep-zero,1703885089,12/29/2023,21:24,255,255,0,1455,4.01,95.41
gb-sasbjep,gb-sasbjep-zero,1703885751,12/29/2023,21:35,255,255,0,1456,4.02,95.5
gb-sasbjep,gb-sasbjep-zero,1703886383,12/29/2023,21:46,255,255,0,1455,4.02,95.5
gb-sasbjep,gb-sasbjep-zero,1703887036,12/29/2023,21:57,12.32,255,0,1455,4.02,95.5
gb-sasbjep,gb-sasbjep-zero,1703887834,12/29/2023,22:10,255,255,0,1455,4.01,95.31
gb-sasbjep,gb-sasbjep-zero,1703888530,12/29/2023,22:22,12.06,255,0,1459,4.01,95.41
gb-sasbjep,gb-sasbjep-zero,1703889805,12/29/2023,22:43,255,255,0,1459,4.01,95.31
gb-sasbjep,gb-sasbjep-zero,1703890466,12/29/2023,22:54,255,255,0,1459,4.01,95.31
gb-sasbjep,gb-sasbjep-zero,1703891124,12/29/2023,23:05,11.4,255,0,1463,4.01,95.21
gb-sasbjep,gb-sasbjep-zero,1703891758,12/29/2023,23:15,255,255,0,1460,4.01,95.31
gb-sasbjep,gb-sasbjep-zero,1703892410,12/29/2023,23:26,255,255,0,1461,4.01,95.31
gb-sasbjep,gb-sasbjep-zero,1703893066,12/29/2023,23:37,10.95,255,0,1461,4.01,95.31
gb-sasbjep,gb-sasbjep-zero,1703893688,12/29/2023,23:48,255,255,0,1460,4.01,95.21
gb-sasbjep,gb-sasbjep-zero,1703894338,12/29/2023,23:59,10.79,255,0,1461,4.01,95.21
gb-sasbjep,gb-sasbjep-zero,1703894998,12/30/2023,0:09,255,255,0,1461,4.01,95.31
gb-sasbjep,gb-sasbjep-zero,1703895633,12/30/2023,0:20,10.55,255,0,1461,4.01,95.21
gb-sasbjep,gb-sasbjep-zero,1703896286,12/30/2023,0:31,10.37,255,0,1462,4.01,95.31
gb-sasbjep,gb-sasbjep-zero,1703896943,12/30/2023,0:42,10.24,255,0,1461,4.01,95.21
gb-sasbjep,gb-sasbjep-zero,1703897567,12/30/2023,0:52,255,255,0,1462,4.01,95.21
gb-sasbjep,gb-sasbjep-zero,1703898224,12/30/2023,1:03,255,255,0,1461,4.01,95.31
gb-sasbjep,gb-sasbjep-zero,1703898882,12/30/2023,1:14,255,255,0,1465,4.01,95.21
gb-sasbjep,gb-sasbjep-zero,1703899515,12/30/2023,1:25,255,255,0,1461,4,95.21
gb-sasbjep,gb-sasbjep-zero,1703900175,12/30/2023,1:36,255,255,0,1461,4.01,95.21
gb-sasbjep,gb-sasbjep-zero,1703900828,12/30/2023,1:47,255,255,0,1460,4.01,95.21
gb-sasbjep,gb-sasbjep-zero,1703901453,12/30/2023,1:57,255,255,0,1466,3.99,94.92
gb-sasbjep,gb-sasbjep-zero,1703902108,12/30/2023,2:08,255,255,0,1466,4,95.11
gb-sasbjep,gb-sasbjep-zero,1703902728,12/30/2023,2:18,255,255,0,1462,4.01,95.11
gb-sasbjep,gb-sasbjep-zero,1703903346,12/30/2023,2:29,255,255,0,1462,4,95.11
gb-sasbjep,gb-sasbjep-zero,1703904000,12/30/2023,2:40,255,255,0,1466,4,95.11
gb-sasbjep,gb-sasbjep-zero,1703904659,12/30/2023,2:51,9.16,255,0,1463,4,95.11
gb-sasbjep,gb-sasbjep-zero,1703905281,12/30/2023,3:01,255,255,0,1462,4,95.11
gb-sasbjep,gb-sasbjep-zero,1703905936,12/30/2023,3:12,255,255,0,1461,4,95.01
gb-sasbjep,gb-sasbjep-zero,1703906551,12/30/2023,3:22,255,255,0,1462,4,95.11
gb-sasbjep,gb-sasbjep-zero,1703907167,12/30/2023,3:32,255,255,0,1463,4,95.01
gb-sasbjep,gb-sasbjep-zero,1703907822,12/30/2023,3:43,255,255,0,1465,4,95.01
gb-sasbjep,gb-sasbjep-zero,1703908483,12/30/2023,3:54,255,255,0,1461,4,95.01
gb-sasbjep,gb-sasbjep-zero,1703909101,12/30/2023,4:05,255,255,0,1461,3.99,95.01
gb-sasbjep,gb-sasbjep-zero,1703909759,12/30/2023,4:16,255,255,0,1462,4,94.92
gb-sasbjep,gb-sasbjep-zero,1703910367,12/30/2023,4:26,255,255,0,1461,4,95.01
gb-sasbjep,gb-sasbjep-zero,1703910993,12/30/2023,4:36,255,255,0,1463,4,95.01
gb-sasbjep,gb-sasbjep-zero,1703911647,12/30/2023,4:47,255,255,0,1467,4,95.01
gb-sasbjep,gb-sasbjep-zero,1703912308,12/30/2023,4:58,255,255,0,1466,4,94.92
gb-sasbjep,gb-sasbjep-zero,1703912929,12/30/2023,5:08,255,255,0,1466,4,95.01
gb-sasbjep,gb-sasbjep-zero,1703913579,12/30/2023,5:19,255,255,0,1463,4,94.92
gb-sasbjep,gb-sasbjep-zero,1703914245,12/30/2023,5:30,255,255,0,1463,4,94.92
gb-sasbjep,gb-sasbjep-zero,1703914864,12/30/2023,5:41,255,255,0,1462,3.99,94.92
gb-sasbjep,gb-sasbjep-zero,1703915512,12/30/2023,5:51,7.63,255,0,1462,3.99,94.92
gb-sasbjep,gb-sasbjep-zero,1703916169,12/30/2023,6:02,255,255,0,1466,3.99,94.92
gb-sasbjep,gb-sasbjep-zero,1703916791,12/30/2023,6:13,255,255,0,1467,3.99,94.92
gb-sasbjep,gb-sasbjep-zero,1703917395,12/30/2023,6:23,255,255,0,1463,3.99,94.92
gb-sasbjep,gb-sasbjep-zero,1703918057,12/30/2023,6:34,255,255,0,1463,3.99,94.92
gb-sasbjep,gb-sasbjep-zero,1703918678,12/30/2023,6:44,255,255,0,1467,3.99,94.82
gb-sasbjep,gb-sasbjep-zero,1703919464,12/30/2023,6:57,255,255,0,1466,3.99,94.92
gb-sasbjep,gb-sasbjep-zero,1703920154,12/30/2023,7:09,7.27,255,0,1463,3.99,94.92
gb-sasbjep,gb-sasbjep-zero,1703920810,12/30/2023,7:20,7.15,255,0,1466,3.99,94.72
gb-sasbjep,gb-sasbjep-zero,1703921430,12/30/2023,7:30,255,255,0,1462,3.99,94.72
gb-sasbjep,gb-sasbjep-zero,1703922087,12/30/2023,7:41,255,255,0,1466,3.99,94.72
gb-sasbjep,gb-sasbjep-zero,1703922740,12/30/2023,7:52,255,255,0,1466,3.99,94.82
gb-sasbjep,gb-sasbjep-zero,1703923374,12/30/2023,8:02,255,255,0,1466,3.99,94.82
gb-sasbjep,gb-sasbjep-zero,1703924025,12/30/2023,8:13,255,255,0,1462,3.99,94.72
gb-sasbjep,gb-sasbjep-zero,1703924682,12/30/2023,8:24,255,255,0,1461,3.99,94.82
gb-sasbjep,gb-sasbjep-zero,1703925305,12/30/2023,8:35,6.88,255,0,1465,3.99,94.82
gb-sasbjep,gb-sasbjep-zero,1703925954,12/30/2023,8:45,6.69,255,0,1461,3.99,94.72
gb-sasbjep,gb-sasbjep-zero,1703926605,12/30/2023,8:56,255,255,0,1460,3.99,94.72
gb-sasbjep,gb-sasbjep-zero,1703927233,12/30/2023,9:07,255,255,0,1460,3.99,94.72
gb-sasbjep,gb-sasbjep-zero,1703927880,12/30/2023,9:18,255,255,0,1461,3.99,94.72
gb-sasbjep,gb-sasbjep-zero,1703928534,12/30/2023,9:28,255,255,0,1461,3.95,93.84
gb-sasbjep,gb-sasbjep-zero,1703929155,12/30/2023,9:39,255,255,0,1464,3.99,94.62
gb-sasbjep,gb-sasbjep-zero,1703929803,12/30/2023,9:50,255,255,0,1459,3.99,94.62
gb-sasbjep,gb-sasbjep-zero,1703930458,12/30/2023,10:00,255,255,0,1461,3.98,94.72
gb-sasbjep,gb-sasbjep-zero,1703931091,12/30/2023,10:11,6.11,255,0,1461,3.99,94.72
gb-sasbjep,gb-sasbjep-zero,1703931741,12/30/2023,10:22,255,255,0,1460,3.99,94.62
gb-sasbjep,gb-sasbjep-zero,1703932391,12/30/2023,10:33,255,255,0,1461,3.99,94.62
gb-sasbjep,gb-sasbjep-zero,1703933013,12/30/2023,10:43,255,255,0,1465,3.99,94.62
gb-sasbjep,gb-sasbjep-zero,1703933663,12/30/2023,10:54,255,255,0,1464,3.98,94.62
gb-sasbjep,gb-sasbjep-zero,1703934277,12/30/2023,11:04,255,255,0,1460,3.98,94.62
gb-sasbjep,gb-sasbjep-zero,1703934899,12/30/2023,11:15,255,255,0,1461,3.98,94.33
gb-sasbjep,gb-sasbjep-zero,1703935547,12/30/2023,11:25,255,255,0,1464,3.94,93.55
gb-sasbjep,gb-sasbjep-zero,1703936200,12/30/2023,11:36,6.38,255,0,1463,3.95,93.84
gb-sasbjep,gb-sasbjep-zero,1703936818,12/30/2023,11:47,255,255,0,1463,3.98,94.62
gb-sasbjep,gb-sasbjep-zero,1703937468,12/30/2023,11:57,6.57,255,0,1459,3.98,94.62
gb-sasbjep,gb-sasbjep-zero,1703938085,12/30/2023,12:08,255,255,0,1458,3.98,94.62
gb-sasbjep,gb-sasbjep-zero,1703938706,12/30/2023,12:18,6.68,255,0,1461,3.98,94.62
gb-sasbjep,gb-sasbjep-zero,1703939358,12/30/2023,12:29,255,255,0,1458,3.98,94.53
gb-sasbjep,gb-sasbjep-zero,1703940023,12/30/2023,12:40,6.67,255,0,1461,3.98,94.53
gb-sasbjep,gb-sasbjep-zero,1703940645,12/30/2023,12:50,255,255,0,1463,3.98,94.53
gb-sasbjep,gb-sasbjep-zero,1703941293,12/30/2023,13:01,255,255,0,1458,3.98,94.53
gb-sasbjep,gb-sasbjep-zero,1703941906,12/30/2023,13:11,255,255,0,1461,3.98,94.53
gb-sasbjep,gb-sasbjep-zero,1703942533,12/30/2023,13:22,255,255,0,1458,3.98,94.53
gb-sasbjep,gb-sasbjep-zero,1703943181,12/30/2023,13:33,255,255,0,1461,3.98,94.53
gb-sasbjep,gb-sasbjep-zero,1703943837,12/30/2023,13:43,255,255,0,1456,3.98,94.53
gb-sasbjep,gb-sasbjep-zero,1703944459,12/30/2023,13:54,7.23,255,0,1459,3.98,94.43
gb-sasbjep,gb-sasbjep-zero,1703945106,12/30/2023,14:05,255,255,0,1459,3.98,94.43
gb-sasbjep,gb-sasbjep-zero,1703945772,12/30/2023,14:16,255,255,0,1454,3.98,94.53
gb-sasbjep,gb-sasbjep-zero,1703946396,12/30/2023,14:26,255,255,0,1457,3.98,94.43
gb-sasbjep,gb-sasbjep-zero,1703947048,12/30/2023,14:37,255,255,0,1457,3.98,94.43
gb-sasbjep,gb-sasbjep-zero,1703947702,12/30/2023,14:48,255,255,0,1453,3.98,94.53
gb-sasbjep,gb-sasbjep-zero,1703948327,12/30/2023,14:58,255,255,0,1451,3.98,94.53
gb-sasbjep,gb-sasbjep-zero,1703948944,12/30/2023,15:09,255,255,0,1452,3.97,94.43
gb-sasbjep,gb-sasbjep-zero,1703949599,12/30/2023,15:20,255,255,0,1452,3.98,94.53
gb-sasbjep,gb-sasbjep-zero,1703950220,12/30/2023,15:30,255,255,0,1456,3.97,94.43
gb-sasbjep,gb-sasbjep-zero,1703950872,12/30/2023,15:41,255,255,0,1451,3.98,94.53
gb-sasbjep,gb-sasbjep-zero,1703951524,12/30/2023,15:52,255,255,0,1452,3.97,94.43
gb-sasbjep,gb-sasbjep-zero,1703952147,12/30/2023,16:02,9.77,255,0,1452,3.97,94.43
gb-sasbjep,gb-sasbjep-zero,1703952756,12/30/2023,16:12,255,255,0,1452,3.98,94.53
gb-sasbjep,gb-sasbjep-zero,1703953408,12/30/2023,16:23,10.21,255,0,1454,3.98,94.43
gb-sasbjep,gb-sasbjep-zero,1703954033,12/30/2023,16:33,10.37,255,0,1453,3.98,94.43
gb-sasbjep,gb-sasbjep-zero,1703954686,12/30/2023,16:44,255,255,0,1453,3.98,94.43
gb-sasbjep,gb-sasbjep-zero,1703955342,12/30/2023,16:55,10.74,255,0,1452,3.97,94.43
gb-sasbjep,gb-sasbjep-zero,1703955481,12/30/2023,16:58,255,255,0,1452,3.97,94.43
gb-sasbjep,gb-sasbjep-zero,1703956176,12/30/2023,17:09,11.33,255,0,1458,3.97,94.53
gb-sasbjep,gb-sasbjep-zero,1703956830,12/30/2023,17:20,255,255,0,1454,3.98,94.43
gb-sasbjep,gb-sasbjep-zero,1703957452,12/30/2023,17:30,11.73,255,0,1454,3.97,94.43
gb-sasbjep,gb-sasbjep-zero,1703958107,12/30/2023,17:41,12.13,255,0,1455,3.9,92.67
gb-sasbjep,gb-sasbjep-zero,1703958767,12/30/2023,17:52,255,255,0,1454,3.97,94.43
gb-sasbjep,gb-sasbjep-zero,1703960056,12/30/2023,18:14,255,255,0,1454,3.97,94.43
gb-sasbjep,gb-sasbjep-zero,1703960715,12/30/2023,18:25,-50,255,0,1455,3.97,94.43
gb-sasbjep,gb-sasbjep-zero,1703961336,12/30/2023,18:35,255,255,0,1456,3.98,94.43
gb-sasbjep,gb-sasbjep-zero,1703961994,12/30/2023,18:46,255,255,0,1461,3.97,94.43
gb-sasbjep,gb-sasbjep-zero,1703962648,12/10/2003,18:57,13.74,255,0,1460,3.94,93.55
gb-sasbjep,gb-sasbjep-zero,1703963276,12/30/2023,19:07,255,255,0,1459,3.97,94.43
gb-sasbjep,gb-sasbjep-zero,1703963927,12/30/2023,19:18,255,255,0,1457,3.97,94.43
gb-sasbjep,gb-sasbjep-zero,1703964583,12/30/2023,19:29,-50,255,0,1458,3.97,94.43
gb-sasbjep,gb-sasbjep-zero,1703965205,12/30/2023,19:40,255,255,0,1458,3.97,94.43
gb-sasbjep,gb-sasbjep-zero,1703965862,12/30/2023,19:51,255,255,0,1454,3.97,94.33
gb-sasbjep,gb-sasbjep-zero,1703966518,12/30/2023,20:01,14.21,255,0,1459,3.97,94.43
gb-sasbjep,gb-sasbjep-zero,1703967146,12/30/2023,20:12,255,255,0,1458,3.97,94.43
gb-sasbjep,gb-sasbjep-zero,1703967804,12/30/2023,20:23,255,255,0,1459,3.97,94.33
gb-sasbjep,gb-sasbjep-zero,1703968459,12/30/2023,20:34,14.26,255,0,1459,3.97,94.33
gb-sasbjep,gb-sasbjep-zero,1703969078,12/30/2023,20:44,-50,255,0,1458,3.97,94.33
gb-sasbjep,gb-sasbjep-zero,1703969731,12/30/2023,20:55,255,255,0,1460,3.97,94.23
gb-sasbjep,gb-sasbjep-zero,1703970348,12/30/2023,21:05,255,255,0,1461,3.97,94.33
gb-sasbjep,gb-sasbjep-zero,1703970970,12/30/2023,21:16,-50,255,0,1461,3.97,94.33
gb-sasbjep,gb-sasbjep-zero,1703971620,12/30/2023,21:27,255,255,0,1461,3.97,94.33
gb-sasbjep,gb-sasbjep-zero,1703972274,12/30/2023,21:37,255,255,0,1461,3.97,94.33
gb-sasbjep,gb-sasbjep-zero,1703972890,12/30/2023,21:48,255,255,0,1457,3.97,94.33
gb-sasbjep,gb-sasbjep-zero,1703973546,12/30/2023,21:59,-50,255,0,1457,3.96,94.23
gb-sasbjep,gb-sasbjep-zero,1703974159,12/30/2023,22:09,255,255,0,1456,3.97,94.23
gb-sasbjep,gb-sasbjep-zero,1703974785,12/30/2023,22:19,255,255,0,1457,3.96,94.23
gb-sasbjep,gb-sasbjep-zero,1703975440,12/30/2023,22:30,255,255,0,1457,3.96,94.23
gb-sasbjep,gb-sasbjep-zero,1703976097,12/30/2023,22:41,255,255,0,1457,3.96,94.23
gb-sasbjep,gb-sasbjep-zero,1703976720,12/30/2023,22:52,255,255,0,1458,3.96,94.13
gb-sasbjep,gb-sasbjep-zero,1703977374,12/30/2023,23:02,255,255,0,1458,3.96,94.23
gb-sasbjep,gb-sasbjep-zero,1703977992,12/30/2023,23:13,-50,255,0,1464,3.96,94.13
gb-sasbjep,gb-sasbjep-zero,1703978616,12/30/2023,23:23,255,50.4,0,1460,3.96,94.13
gb-sasbjep,gb-sasbjep-zero,1703979265,12/30/2023,23:34,12.62,255,0,1459,3.96,94.13
gb-sasbjep,gb-sasbjep-zero,1703979921,12/30/2023,23:45,12.42,255,0,1463,3.96,94.13
gb-sasbjep,gb-sasbjep-zero,1703980546,12/30/2023,23:55,12.34,255,0,1465,3.96,94.04
gb-sasbjep,gb-sasbjep-zero,1703981198,12/31/2023,0:06,255,255,0,1466,3.96,94.13
gb-sasbjep,gb-sasbjep-zero,1703981860,12/31/2023,0:17,11.99,255,0,1460,3.96,94.04
gb-sasbjep,gb-sasbjep-zero,1703982622,12/31/2023,0:30,255,255,0,1459,3.96,93.94
gb-sasbjep,gb-sasbjep-zero,1703983320,12/31/2023,0:42,11.63,255,0,1459,3.96,93.94
gb-sasbjep,gb-sasbjep-zero,1703983977,12/31/2023,0:52,11.45,255,0,1461,3.96,94.04
gb-sasbjep,gb-sasbjep-zero,1703984602,12/31/2023,1:03,11.37,255,0,1460,3.96,93.94
gb-sasbjep,gb-sasbjep-zero,1703985258,12/31/2023,1:14,255,255,0,1464,3.95,93.94
gb-sasbjep,gb-sasbjep-zero,1703985918,12/31/2023,1:25,255,255,0,1466,3.95,93.94
gb-sasbjep,gb-sasbjep-zero,1703986552,12/31/2023,1:35,255,255,0,1466,3.95,93.94
gb-sasbjep,gb-sasbjep-zero,1703987206,12/31/2023,1:46,10.96,255,0,1460,3.95,93.94
gb-sasbjep,gb-sasbjep-zero,1703987866,12/31/2023,1:57,255,255,0,1461,3.95,93.84
gb-sasbjep,gb-sasbjep-zero,1703988489,12/31/2023,2:08,255,255,0,1466,3.95,93.84
gb-sasbjep,gb-sasbjep-zero,1703989138,12/31/2023,2:18,10.7,255,0,1465,3.95,93.84
gb-sasbjep,gb-sasbjep-zero,1703989796,12/31/2023,2:29,255,255,0,1463,3.95,93.84
gb-sasbjep,gb-sasbjep-zero,1703990425,12/31/2023,2:40,255,255,0,1466,3.95,93.74
gb-sasbjep,gb-sasbjep-zero,1703991081,12/31/2023,2:51,255,255,0,1466,3.91,92.96
gb-sasbjep,gb-sasbjep-zero,1703991736,12/31/2023,3:02,10.43,255,0,1461,3.95,93.74
gb-sasbjep,gb-sasbjep-zero,1703992356,12/31/2023,3:12,255,255,0,1464,3.9,92.77
gb-sasbjep,gb-sasbjep-zero,1703993012,12/31/2023,3:23,255,255,0,1460,3.94,93.74
gb-sasbjep,gb-sasbjep-zero,1703993669,12/31/2023,3:34,10.15,255,0,1461,3.94,93.74
gb-sasbjep,gb-sasbjep-zero,1703994304,12/31/2023,3:45,255,255,0,1461,3.95,93.74
gb-sasbjep,gb-sasbjep-zero,1703994959,12/31/2023,3:56,255,255,0,1464,3.89,92.57
gb-sasbjep,gb-sasbjep-zero,1703995619,12/31/2023,4:07,255,255,0,1464,3.94,93.74
gb-sasbjep,gb-sasbjep-zero,1703996240,12/31/2023,4:17,255,255,0,1466,3.94,93.65
gb-sasbjep,gb-sasbjep-zero,1703996890,12/31/2023,4:28,9.91,255,0,1461,3.94,93.65
gb-sasbjep,gb-sasbjep-zero,1703997506,12/31/2023,4:38,9.89,255,0,1461,3.94,93.65
gb-sasbjep,gb-sasbjep-zero,1703998130,12/31/2023,4:48,9.89,255,0,1461,3.94,93.65
gb-sasbjep,gb-sasbjep-zero,1703998776,12/31/2023,4:59,255,255,0,1461,3.94,93.74
gb-sasbjep,gb-sasbjep-zero,1703999433,12/31/2023,5:10,255,255,0,1462,3.94,93.55
gb-sasbjep,gb-sasbjep-zero,1704000060,12/31/2023,5:21,255,255,0,1462,3.94,93.65
gb-sasbjep,gb-sasbjep-zero,1704000709,12/31/2023,5:31,255,255,0,1462,3.94,93.55
gb-sasbjep,gb-sasbjep-zero,1704001327,12/31/2023,5:42,255,255,0,1462,3.94,93.55
gb-sasbjep,gb-sasbjep-zero,1704001949,12/31/2023,5:52,255,255,0,1463,3.94,93.55
gb-sasbjep,gb-sasbjep-zero,1704002597,12/31/2023,6:03,255,255,0,1462,3.94,93.55
gb-sasbjep,gb-sasbjep-zero,1704003253,12/31/2023,6:14,255,255,0,1465,3.94,93.45
gb-sasbjep,gb-sasbjep-zero,1704003879,12/31/2023,6:24,255,255,0,1466,3.94,93.55
gb-sasbjep,gb-sasbjep-zero,1704004530,12/31/2023,6:35,255,255,0,1466,3.94,93.45
gb-sasbjep,gb-sasbjep-zero,1704005148,12/31/2023,6:45,255,255,0,1465,3.93,93.45
gb-sasbjep,gb-sasbjep-zero,1704005773,12/31/2023,6:56,255,255,0,1466,3.93,93.35
gb-sasbjep,gb-sasbjep-zero,1704006423,12/31/2023,7:07,255,255,0,1462,3.93,93.35
gb-sasbjep,gb-sasbjep-zero,1704007076,12/31/2023,7:17,8.51,255,0,1461,3.93,93.35
gb-sasbjep,gb-sasbjep-zero,1704007703,12/31/2023,7:28,255,255,0,1464,3.93,93.35
gb-sasbjep,gb-sasbjep-zero,1704008357,12/31/2023,7:39,255,255,0,1464,3.93,93.35
gb-sasbjep,gb-sasbjep-zero,1704009023,12/31/2023,7:50,255,255,0,1461,3.93,93.35
gb-sasbjep,gb-sasbjep-zero,1704009644,12/31/2023,8:00,8.34,255,0,1462,3.89,92.38
gb-sasbjep,gb-sasbjep-zero,1704010294,12/31/2023,8:11,255,255,0,1462,3.93,93.35
gb-sasbjep,gb-sasbjep-zero,1704010948,12/31/2023,8:22,8.23,255,0,1462,3.92,93.26
gb-sasbjep,gb-sasbjep-zero,1704011568,12/31/2023,8:32,255,255,0,1462,3.92,93.26
gb-sasbjep,gb-sasbjep-zero,1704012178,12/31/2023,8:43,8.08,255,0,1461,3.92,93.26
gb-sasbjep,gb-sasbjep-zero,1704012835,12/31/2023,8:53,7.97,255,0,1466,3.92,93.16
gb-sasbjep,gb-sasbjep-zero,1704013457,12/31/2023,9:04,255,255,0,1464,3.92,93.26
gb-sasbjep,gb-sasbjep-zero,1704014108,12/31/2023,9:15,7.7,255,0,1460,3.92,93.16
gb-sasbjep,gb-sasbjep-zero,1704014767,12/31/2023,9:26,255,255,0,1464,3.92,93.16
gb-sasbjep,gb-sasbjep-zero,1704015389,12/31/2023,9:36,7.73,255,0,1460,3.92,93.16
gb-sasbjep,gb-sasbjep-zero,1704016005,12/31/2023,9:46,255,255,0,1461,3.92,93.16
gb-sasbjep,gb-sasbjep-zero,1704016663,12/31/2023,9:57,255,255,0,1460,3.92,93.06
gb-sasbjep,gb-sasbjep-zero,1704017286,12/31/2023,10:08,255,255,0,1460,3.92,93.06
gb-sasbjep,gb-sasbjep-zero,1704017936,12/31/2023,10:18,7.46,255,0,1463,3.91,92.96
gb-sasbjep,gb-sasbjep-zero,1704018592,12/31/2023,10:29,7.38,255,0,1464,3.92,93.06
gb-sasbjep,gb-sasbjep-zero,1704019213,12/31/2023,10:40,255,255,0,1464,3.91,92.96
gb-sasbjep,gb-sasbjep-zero,1704019826,12/31/2023,10:50,7.47,255,0,1461,3.91,92.96
gb-sasbjep,gb-sasbjep-zero,1704020487,12/31/2023,11:01,255,255,0,1460,3.91,92.96
gb-sasbjep,gb-sasbjep-zero,1704021100,12/31/2023,11:11,7.44,255,0,1461,3.91,92.86
gb-sasbjep,gb-sasbjep-zero,1704021754,12/31/2023,11:22,255,255,0,1461,3.91,92.86
gb-sasbjep,gb-sasbjep-zero,1704022410,12/31/2023,11:33,7.24,255,0,1460,3.91,92.86
gb-sasbjep,gb-sasbjep-zero,1704023032,12/31/2023,11:43,255,255,0,1464,3.91,92.96
gb-sasbjep,gb-sasbjep-zero,1704023687,12/31/2023,11:54,255,255,0,1460,3.91,92.86
gb-sasbjep,gb-sasbjep-zero,1704024341,12/31/2023,12:05,255,255,0,1460,3.91,92.86
gb-sasbjep,gb-sasbjep-zero,1704024961,12/31/2023,12:16,255,255,0,1465,3.91,92.77
gb-sasbjep,gb-sasbjep-zero,1704025608,12/31/2023,12:26,255,255,0,1462,3.9,92.86
gb-sasbjep,gb-sasbjep-zero,1704025861,12/31/2023,12:31,7.01,255,0,1462,3.9,92.77
gb-sasbjep,gb-sasbjep-zero,1704026546,12/31/2023,12:42,6.97,255,0,1461,3.9,92.77
gb-sasbjep,gb-sasbjep-zero,1704027199,12/31/2023,12:53,255,255,0,1464,3.86,91.79
gb-sasbjep,gb-sasbjep-zero,1704027814,12/31/2023,13:03,6.84,255,0,1460,3.9,92.67
gb-sasbjep,gb-sasbjep-zero,1704028470,12/31/2023,13:14,255,255,0,1462,3.9,92.67
gb-sasbjep,gb-sasbjep-zero,1704029122,12/31/2023,13:25,255,255,0,1462,3.9,92.67
gb-sasbjep,gb-sasbjep-zero,1704029755,12/31/2023,13:35,255,255,0,1460,3.9,92.67
gb-sasbjep,gb-sasbjep-zero,1704030406,12/31/2023,13:46,255,255,0,1456,3.89,92.67
gb-sasbjep,gb-sasbjep-zero,1704031061,12/31/2023,13:57,255,255,0,1454,3.9,92.57
gb-sasbjep,gb-sasbjep-zero,1704031695,12/31/2023,14:08,255,255,0,1453,3.9,92.57
gb-sasbjep,gb-sasbjep-zero,1704032354,12/31/2023,14:19,255,255,0,1456,3.9,92.67
gb-sasbjep,gb-sasbjep-zero,1704033005,12/31/2023,14:30,255,255,0,1451,3.89,92.57
gb-sasbjep,gb-sasbjep-zero,1704033636,12/31/2023,14:40,255,255,0,1455,3.89,92.57
gb-sasbjep,gb-sasbjep-zero,1704034284,12/31/2023,14:51,255,255,0,1456,3.89,92.57
gb-sasbjep,gb-sasbjep-zero,1704034939,12/31/2023,15:02,255,255,0,1451,3.89,92.47
gb-sasbjep,gb-sasbjep-zero,1704035566,12/31/2023,15:12,255,255,0,1451,3.89,92.47
gb-sasbjep,gb-sasbjep-zero,1704036216,12/31/2023,15:23,255,255,0,1451,3.89,92.47
gb-sasbjep,gb-sasbjep-zero,1704036871,12/31/2023,15:34,9.17,255,0,1451,3.85,91.59
gb-sasbjep,gb-sasbjep-zero,1704037510,12/31/2023,15:45,9.49,255,0,1451,3.89,92.47
gb-sasbjep,gb-sasbjep-zero,1704038168,12/31/2023,15:56,255,255,0,1449,3.89,92.47
gb-sasbjep,gb-sasbjep-zero,1704038826,12/31/2023,16:07,10.01,255,0,1450,3.89,92.57
gb-sasbjep,gb-sasbjep-zero,1704039453,12/31/2023,16:17,10.36,255,0,1451,3.89,92.47
gb-sasbjep,gb-sasbjep-zero,1704040105,12/31/2023,16:28,255,255,0,1452,3.89,92.57
gb-sasbjep,gb-sasbjep-zero,1704040722,12/31/2023,16:38,255,255,0,1450,3.89,92.47
gb-sasbjep,gb-sasbjep-zero,1704041346,12/31/2023,16:49,255,255,0,1450,3.89,92.47
gb-sasbjep,gb-sasbjep-zero,1704041999,12/31/2023,17:00,11.55,255,0,1451,3.89,92.47
gb-sasbjep,gb-sasbjep-zero,1704042649,12/31/2023,17:10,11.93,255,0,1449,3.89,92.28
gb-sasbjep,gb-sasbjep-zero,1704043275,12/31/2023,17:21,12.29,255,0,1455,3.89,92.47
gb-sasbjep,gb-sasbjep-zero,1704043928,12/31/2023,17:32,255,255,0,1452,3.89,92.47
gb-sasbjep,gb-sasbjep-zero,1704044546,12/31/2023,17:42,13.16,255,0,1452,3.89,92.47
gb-sasbjep,gb-sasbjep-zero,1704049869,12/31/2023,19:11,255,255,0,1459,3.88,92.38
gb-sasbjep,gb-sasbjep-zero,1704050532,12/31/2023,19:22,255,255,0,1452,3.89,92.28
gb-sasbjep,gb-sasbjep-zero,1704051165,12/31/2023,19:32,255,255,0,1457,3.89,92.38
gb-sasbjep,gb-sasbjep-zero,1704051819,12/31/2023,19:43,255,255,0,1453,3.88,92.28
gb-sasbjep,gb-sasbjep-zero,1704052477,12/31/2023,19:54,255,255,0,1457,3.89,92.28
gb-sasbjep,gb-sasbjep-zero,1704053098,12/31/2023,20:04,16,255,0,1457,3.88,92.28
gb-sasbjep,gb-sasbjep-zero,1704053751,12/31/2023,20:15,255,255,0,1457,3.88,92.18
gb-sasbjep,gb-sasbjep-zero,1704054408,12/31/2023,20:26,255,255,0,1453,3.88,92.28
gb-sasbjep,gb-sasbjep-zero,1704055032,12/31/2023,20:37,16.14,255,0,1453,3.88,92.18
gb-sasbjep,gb-sasbjep-zero,1704055684,12/31/2023,20:48,16.12,255,0,1455,3.88,92.18
gb-sasbjep,gb-sasbjep-zero,1704056339,12/31/2023,20:59,255,255,0,1444,3.88,92.18
gb-sasbjep,gb-sasbjep-zero,1704056966,12/31/2023,21:09,16.47,255,0,1445,3.88,92.08
gb-sasbjep,gb-sasbjep-zero,1704057620,12/31/2023,21:20,-50,255,0,1445,3.88,92.08
gb-sasbjep,gb-sasbjep-zero,1704058269,12/31/2023,21:31,16.32,255,0,1444,3.88,92.18
gb-sasbjep,gb-sasbjep-zero,1704058896,12/31/2023,21:41,255,255,0,1444,3.87,92.18
gb-sasbjep,gb-sasbjep-zero,1704059545,12/31/2023,21:52,16.09,255,0,1446,3.87,92.08
gb-sasbjep,gb-sasbjep-zero,1704060195,12/31/2023,22:03,255,255,0,1447,3.87,92.08
gb-sasbjep,gb-sasbjep-zero,1704060816,12/31/2023,22:13,255,255,0,1446,3.87,92.08
gb-sasbjep,gb-sasbjep-zero,1704061470,12/31/2023,22:24,255,255,0,1446,3.87,91.98
gb-sasbjep,gb-sasbjep-zero,1704062085,12/31/2023,22:34,255,255,0,1447,3.87,92.08
gb-sasbjep,gb-sasbjep-zero,1704062707,12/31/2023,22:45,15.29,255,0,1447,3.87,91.89
gb-sasbjep,gb-sasbjep-zero,1704062844,12/31/2023,22:47,255,255,0,1448,3.87,91.89
gb-sasbjep,gb-sasbjep-zero,1704063538,12/31/2023,22:58,255,255,0,1448,3.87,91.89
gb-sasbjep,gb-sasbjep-zero,1704064189,12/31/2023,23:09,-50,255,0,1448,3.87,91.89
gb-sasbjep,gb-sasbjep-zero,1704064814,12/31/2023,23:20,255,255,0,1448,3.87,91.89
gb-sasbjep,gb-sasbjep-zero,1704065469,12/31/2023,23:31,255,255,0,1448,3.87,91.89
gb-sasbjep,gb-sasbjep-zero,1704066121,12/31/2023,23:42,14.21,255,0,1448,3.87,91.79
gb-sasbjep,gb-sasbjep-zero,1704066751,12/31/2023,23:52,255,255,0,1448,3.86,91.79
gb-sasbjep,gb-sasbjep-zero,1704067401,1/1/2024,0:03,255,255,0,1447,3.86,91.79
gb-sasbjep,gb-sasbjep-zero,1704068058,1/1/2024,0:14,255,255,0,1447,3.86,91.79
gb-sasbjep,gb-sasbjep-zero,1704068677,1/1/2024,0:24,255,255,0,1447,3.86,91.69
gb-sasbjep,gb-sasbjep-zero,1704069332,1/1/2024,0:35,13.22,255,0,1447,3.86,91.69
gb-sasbjep,gb-sasbjep-zero,1704069989,1/1/2024,0:46,255,255,0,1446,3.85,91.69
gb-sasbjep,gb-sasbjep-zero,1704070622,1/1/2024,0:57,255,55.28,0,1446,3.85,91.59
gb-sasbjep,gb-sasbjep-zero,1704071277,1/1/2024,1:07,12.85,255,0,1445,3.85,91.59
gb-sasbjep,gb-sasbjep-zero,1704071936,1/1/2024,1:18,255,255,0,1445,3.85,91.5
,,1704154531,1/2/2024,0:15,255,255,0,1473,4.09,97.17
,,1704155039,1/2/2024,0:24,255,255,0,1461,4.08,97.17
,,1704155547,1/2/2024,0:32,22.34,33.93,0,1455,4.08,96.97
,,1704156053,1/2/2024,0:40,-50,255,0,1452,4.08,96.97
,,1704156561,1/2/2024,0:49,255,255,0,1450,4.08,96.97
,,1704157070,1/2/2024,0:57,255,255,0,1448,4.08,96.87
,,1704157578,1/2/2024,1:06,255,255,0,1448,4.08,96.87
,,1704158089,1/2/2024,1:14,-50,255,0,1447,4.07,96.77
,,1704158598,1/2/2024,1:23,255,255,0,1446,4.07,96.77
,,1704159112,1/2/2024,1:31,17.04,255,0,1445,4.07,96.77
,,1704159623,1/2/2024,1:40,255,255,0,1445,4.07,96.77
,,1704160140,1/2/2024,1:49,-50,255,0,1444,4.07,96.68
,,1704160648,1/2/2024,1:57,16.5,255,0,1444,4.07,96.68
,,1704161160,1/2/2024,2:06,-50,255,0,1444,4.07,96.68
,,1704162182,1/2/2024,2:23,-50,255,0,1444,4.06,96.68
,,1704162691,1/2/2024,2:31,255,255,0,1444,4.06,96.48
,,1704163197,1/2/2024,2:39,-50,255,0,1444,4.06,96.58
,,1704163709,1/2/2024,2:48,-50,255,0,1445,4.06,96.58
,,1704164217,1/2/2024,2:56,-50,255,0,1444,4.06,96.58
,,1704164726,1/2/2024,3:05,255,255,0,1443,4.06,96.48
,,1704165235,1/2/2024,3:13,-50,255,0,1443,4.05,96.38
,,1704165744,1/2/2024,3:22,-50,255,0,1443,4.06,96.38
,,1704166252,1/2/2024,3:30,255,255,0,1444,4.06,96.48
,,1704166766,1/2/2024,3:39,255,255,0,1444,4.06,96.48
,,1704167280,1/2/2024,3:48,-50,255,0,1444,4.06,96.38
,,1704167790,1/2/2024,3:56,-50,255,0,1441,4.06,96.38
,,1704168298,1/2/2024,4:04,-50,255,0,1443,4.06,96.38
,,1704168809,1/2/2024,4:13,255,255,0,1442,4.06,96.29
,,1704169319,1/2/2024,4:22,-50,255,0,1442,4.06,96.38
,,1704169828,1/2/2024,4:30,-50,255,0,1443,4.06,96.29
,,1704170338,1/2/2024,4:38,-50,255,0,1442,4.05,96.29
,,1704170847,1/2/2024,4:47,-50,255,0,1442,4.06,96.19
,,1704171359,1/2/2024,4:56,-50,255,0,1442,4.05,96.29
,,1704171870,1/2/2024,5:04,14.68,255,0,1442,4.05,96.29
,,1704172379,1/2/2024,5:13,-50,255,0,1442,4.05,96.19
,,1704172889,1/2/2024,5:21,-50,255,0,1443,4.05,96.29
,,1704173397,1/2/2024,5:29,-50,255,0,1443,4.05,96.19
,,1704173906,1/2/2024,5:38,255,255,0,1442,4.05,96.29
,,1704174415,1/2/2024,5:46,255,255,0,1442,4.05,96.19
,,1704174925,1/2/2024,5:55,-50,255,0,1444,4.05,96.19
,,1704175434,1/2/2024,6:03,255,255,0,1442,4.05,96.19
,,1704175944,1/2/2024,6:12,255,255,0,1442,4.05,96.19
,,1704176453,1/2/2024,6:20,-50,255,0,1442,4.05,96.19
,,1704176966,1/2/2024,6:29,-50,255,0,1443,4.05,96.19
,,1704177475,1/2/2024,6:37,-50,255,0,1443,4.04,96.09
,,1704177984,1/2/2024,6:46,-50,255,0,1444,4.04,96.19
,,1704178496,1/2/2024,6:54,-50,255,0,1444,4.04,96.09
,,1704178999,1/2/2024,7:03,255,255,0,1443,4.05,96.09
,,1704179509,1/2/2024,7:11,-50,255,0,1443,4.05,96.09
,,1704180019,1/2/2024,7:20,-50,255,0,1443,4.04,95.99
,,1704180529,1/2/2024,7:28,255,255,0,1443,4.04,95.99
,,1704181040,1/2/2024,7:37,-50,255,0,1443,4.04,96.09
,,1704181550,1/2/2024,7:45,-50,255,0,1443,4.04,95.99
,,1704182064,1/2/2024,7:54,255,255,0,1443,4.04,95.99
,,1704182577,1/2/2024,8:02,-50,255,0,1444,4.04,95.99
,,1704183087,1/2/2024,8:11,-50,255,0,1445,4.04,95.89
,,1704183595,1/2/2024,8:19,-50,255,0,1444,4.04,95.99
,,1704184104,1/2/2024,8:28,255,255,0,1445,4.03,95.89
,,1704184614,1/2/2024,8:36,255,255,0,1445,4.04,95.99
